user_id,user_name,email,status,campus_id,role_id
USER001,Diego Alvarez,diego.alvarez1@iteso.mx,active,A001,ROLE001
USER002,Sofia Martinez,sofia.martinez2@iteso.mx,active,A002,ROLE001
USER003,Carlos Hernandez,carlos.hernandez3@iteso.mx,active,A003,ROLE001
USER004,Fernanda Gomez,fernanda.gomez4@iteso.mx,active,A004,ROLE001
USER005,Valeria Ramirez,valeria.ramirez5@iteso.mx,active,A005,ROLE001
USER006,Daniel Torres,daniel.torres6@iteso.mx,active,A006,ROLE001
USER007,Andrea Castillo,andrea.castillo7@iteso.mx,active,A007,ROLE001
USER008,Luis Ruiz,luis.ruiz8@iteso.mx,active,A008,ROLE001
USER009,Camila Flores,camila.flores9@iteso.mx,active,A009,ROLE001
USER010,Jorge Morales,jorge.morales10@iteso.mx,active,A010,ROLE001
USER011,Regina Navarro,regina.navarro11@iteso.mx,active,A011,ROLE001
USER012,Emiliano Mendoza,emiliano.mendoza12@iteso.mx,active,A012,ROLE001
USER013,Paola Vargas,paola.vargas13@iteso.mx,active,A013,ROLE001
USER014,Mateo Cruz,mateo.cruz14@iteso.mx,active,A014,ROLE001
USER015,Mariana Reyes,mariana.reyes15@iteso.mx,active,A015,ROLE001
USER016,Sebastian Sanchez,sebastian.sanchez16@iteso.mx,active,A016,ROLE001
USER017,Natalia Ortega,natalia.ortega17@iteso.mx,active,A017,ROLE001
USER018,Alejandro Rojas,alejandro.rojas18@iteso.mx,active,A018,ROLE001
USER019,Lucia Medina,lucia.medina19@iteso.mx,active,A019,ROLE001
USER020,Miguel Aguilar,miguel.aguilar20@iteso.mx,active,A020,ROLE001
USER021,Ximena Alvarez,ximena.alvarez21@iteso.mx,active,A021,ROLE001
USER022,Rodrigo Martinez,rodrigo.martinez22@iteso.mx,active,A022,ROLE001
USER023,Isabella Hernandez,isabella.hernandez23@iteso.mx,active,A023,ROLE001
USER024,Fernando Gomez,fernando.gomez24@iteso.mx,active,A024,ROLE001
USER025,Ana Ramirez,ana.ramirez25@iteso.mx,active,A025,ROLE001
USER026,Pablo Torres,pablo.torres26@iteso.mx,active,A026,ROLE001
USER027,Danna Castillo,danna.castillo27@iteso.mx,active,A027,ROLE001
USER028,Ricardo Ruiz,ricardo.ruiz28@iteso.mx,active,A028,ROLE001
USER029,Renata Flores,renata.flores29@iteso.mx,active,A029,ROLE001
USER030,Andres Morales,andres.morales30@iteso.mx,active,A030,ROLE001
USER031,Victoria Navarro,victoria.navarro31@iteso.mx,active,A031,ROLE001
USER032,Hector Mendoza,hector.mendoza32@iteso.mx,active,A032,ROLE001
USER033,Jimena Vargas,jimena.vargas33@iteso.mx,active,A033,ROLE001
USER034,Oscar Cruz,oscar.cruz34@iteso.mx,active,A034,ROLE001
USER035,Elena Reyes,elena.reyes35@iteso.mx,active,A035,ROLE001
USER036,Raul Sanchez,raul.sanchez36@iteso.mx,active,A036,ROLE001
USER037,Aitana Ortega,aitana.ortega37@iteso.mx,active,A037,ROLE001
USER038,Ivan Rojas,ivan.rojas38@iteso.mx,active,A038,ROLE001
USER039,Claudia Medina,claudia.medina39@iteso.mx,active,A039,ROLE001
USER040,Tomas Aguilar,tomas.aguilar40@iteso.mx,active,A040,ROLE001
USER041,Daniela Alvarez,daniela.alvarez41@iteso.mx,active,A041,ROLE001
USER042,Mauricio Martinez,mauricio.martinez42@iteso.mx,active,A042,ROLE001
USER043,Gabriela Hernandez,gabriela.hernandez43@iteso.mx,active,A043,ROLE001
USER044,Adrian Gomez,adrian.gomez44@iteso.mx,active,A044,ROLE001
USER045,Monica Ramirez,monica.ramirez45@iteso.mx,active,A045,ROLE001
USER046,Santiago Torres,santiago.torres46@iteso.mx,active,A046,ROLE001
USER047,Carolina Castillo,carolina.castillo47@iteso.mx,active,A047,ROLE001
USER048,Bruno Ruiz,bruno.ruiz48@iteso.mx,active,A048,ROLE001
USER049,Patricia Flores,patricia.flores49@iteso.mx,active,A049,ROLE001
USER050,Leonardo Morales,leonardo.morales50@iteso.mx,active,A050,ROLE001
USER051,Diego Navarro,diego.navarro51@iteso.mx,active,A051,ROLE001
USER052,Sofia Mendoza,sofia.mendoza52@iteso.mx,active,A052,ROLE001
USER053,Carlos Vargas,carlos.vargas53@iteso.mx,active,A053,ROLE001
USER054,Fernanda Cruz,fernanda.cruz54@iteso.mx,active,A054,ROLE001
USER055,Valeria Reyes,valeria.reyes55@iteso.mx,active,A055,ROLE001
USER056,Daniel Sanchez,daniel.sanchez56@iteso.mx,active,A056,ROLE001
USER057,Andrea Ortega,andrea.ortega57@iteso.mx,active,A057,ROLE001
USER058,Luis Rojas,luis.rojas58@iteso.mx,active,A058,ROLE001
USER059,Camila Medina,camila.medina59@iteso.mx,active,A059,ROLE001
USER060,Jorge Aguilar,jorge.aguilar60@iteso.mx,active,A060,ROLE001
USER061,Regina Alvarez,regina.alvarez61@iteso.mx,active,A061,ROLE001
USER062,Emiliano Martinez,emiliano.martinez62@iteso.mx,active,A062,ROLE001
USER063,Paola Hernandez,paola.hernandez63@iteso.mx,active,A063,ROLE001
USER064,Mateo Gomez,mateo.gomez64@iteso.mx,active,A064,ROLE001
USER065,Mariana Ramirez,mariana.ramirez65@iteso.mx,active,A065,ROLE001
USER066,Sebastian Torres,sebastian.torres66@iteso.mx,active,D066,ROLE002
USER067,Natalia Castillo,natalia.castillo67@iteso.mx,active,D067,ROLE002
USER068,Alejandro Ruiz,alejandro.ruiz68@iteso.mx,active,D068,ROLE002
USER069,Lucia Flores,lucia.flores69@iteso.mx,active,D069,ROLE002
USER070,Miguel Morales,miguel.morales70@iteso.mx,active,D070,ROLE002
USER071,Ximena Navarro,ximena.navarro71@iteso.mx,active,D071,ROLE002
USER072,Rodrigo Mendoza,rodrigo.mendoza72@iteso.mx,active,D072,ROLE002
USER073,Isabella Vargas,isabella.vargas73@iteso.mx,active,D073,ROLE002
USER074,Fernando Cruz,fernando.cruz74@iteso.mx,active,D074,ROLE002
USER075,Ana Reyes,ana.reyes75@iteso.mx,active,D075,ROLE002
USER076,Pablo Sanchez,pablo.sanchez76@iteso.mx,active,D076,ROLE002
USER077,Danna Ortega,danna.ortega77@iteso.mx,active,D077,ROLE002
USER078,Ricardo Rojas,ricardo.rojas78@iteso.mx,active,D078,ROLE002
USER079,Renata Medina,renata.medina79@iteso.mx,active,D079,ROLE002
USER080,Andres Aguilar,andres.aguilar80@iteso.mx,active,D080,ROLE002
USER081,Victoria Alvarez,victoria.alvarez81@iteso.mx,active,AD081,ROLE003
USER082,Hector Martinez,hector.martinez82@iteso.mx,active,AD082,ROLE003
USER083,Jimena Hernandez,jimena.hernandez83@iteso.mx,active,AD083,ROLE003
USER084,Oscar Gomez,oscar.gomez84@iteso.mx,active,AD084,ROLE003
USER085,Elena Ramirez,elena.ramirez85@iteso.mx,active,AD085,ROLE003
USER086,Raul Torres,raul.torres86@iteso.mx,active,AD086,ROLE003
USER087,Aitana Castillo,aitana.castillo87@iteso.mx,active,AD087,ROLE003
USER088,Ivan Ruiz,ivan.ruiz88@iteso.mx,active,AD088,ROLE003
USER089,Claudia Flores,claudia.flores89@iteso.mx,active,AD089,ROLE003
USER090,Tomas Morales,tomas.morales90@iteso.mx,active,AD090,ROLE003
USER091,Daniela Navarro,daniela.navarro91@mail.com,active,EXT091,ROLE004
USER092,Mauricio Mendoza,mauricio.mendoza92@mail.com,active,EXT092,ROLE004
USER093,Gabriela Vargas,gabriela.vargas93@mail.com,active,EXT093,ROLE004
USER094,Adrian Cruz,adrian.cruz94@mail.com,active,EXT094,ROLE004
USER095,Monica Reyes,monica.reyes95@mail.com,active,EXT095,ROLE004
USER096,Santiago Sanchez,santiago.sanchez96@mail.com,active,EXT096,ROLE004
USER097,Carolina Ortega,carolina.ortega97@mail.com,active,EXT097,ROLE004
USER098,Bruno Rojas,bruno.rojas98@mail.com,active,EXT098,ROLE004
USER099,Patricia Medina,patricia.medina99@mail.com,active,EXT099,ROLE004
USER100,Leonardo Aguilar,leonardo.aguilar100@mail.com,active,EXT100,ROLE004
